Identifier,Structure,R1,R2,R3
135TMB,[1*]Cc1cc(C[2*])cc(C[3*])c1,H,H,H
A,[1*]N[C@@H](C)C([2*])=O,H,OH,
AECbmt,[2*]C(=O)NCCN,,H,
Abu,[1*]N[C@@H](CC)C([2*])=O,H,OH,
Ac,[2*]C(C)=O,,OH,
Aib,[1*]NC(C)(C)C([2*])=O,H,OH,
Bnzyl,[2*]Cc1ccccc1,,H,
C,[1*]N[C@@H](CS[3*])C([2*])=O,H,OH,H
C18DA,[1*]C(=O)CCCCCCCCCCCCCCCCC([2*])=O,OH,OH,
D,[1*]N[C@@H](CC([3*])=O)C([2*])=O,H,OH,OH
DAla,[1*]N[C@H](C)C([2*])=O,H,OH,
DTrp,[1*]N[C@H](Cc1c[nH]c2ccccc12)C([2*])=O,H,OH,
E,[1*]N[C@@H](CCC([3*])=O)C([2*])=O,H,OH,OH
F,[1*]N[C@@H](Cc1ccccc1)C([2*])=O,H,OH,
G,[1*]NCC([2*])=O,H,OH,
H,[1*]N[C@@H](Cc1c[nH]cn1)C([2*])=O,H,OH,
Hyp,[1*]N1C[C@H](O[3*])C[C@H]1C([2*])=O,H,OH,H
I,[1*]N[C@H](C([2*])=O)[C@@H](C)CC,H,OH,
K,[1*]N[C@@H](CCCCN[3*])C([2*])=O,H,OH,H
L,[1*]N[C@@H](CC(C)C)C([2*])=O,H,OH,
M,[1*]N[C@@H](CCSC)C([2*])=O,H,OH,
N,[1*]N[C@@H](CC(N)=O)C([2*])=O,H,OH,
NH2,[1*]N,H,,
NMeL,[1*]N(C)[C@@H](CC(C)C)C([2*])=O,H,OH,
NMeThr4RBut2enyl,[1*]N(C)[C@H](C([2*])=O)[C@H](O)[C@H](C)C/C=C/C,H,OH,
NMeV,[1*]N(C)[C@H](C([2*])=O)C(C)C,H,OH,
OEG,[1*]NCCOCCOCC([2*])=O,H,OH,
P,[1*]N1CCC[C@H]1C([2*])=O,H,OH,
Phg,[1*]N[C@H](C([2*])=O)c1ccccc1,H,OH,
Q,[1*]N[C@@H](CCC(N)=O)C([2*])=O,H,OH,
R,[1*]N[C@@H](CCCNC(=N)N)C([2*])=O,H,OH,
S,[1*]N[C@@H](CO[3*])C([2*])=O,H,OH,H
Sar,[1*]N(C)CC([2*])=O,H,OH,
T,[1*]N[C@H](C([2*])=O)[C@@H](C)O[3*],H,OH,H
V,[1*]N[C@H](C([2*])=O)C(C)C,H,OH,
W,[1*]N[C@@H](Cc1c[nH]c2ccccc12)C([2*])=O,H,OH,
Y,[1*]N[C@@H](Cc1ccc(O[3*])cc1)C([2*])=O,H,OH,H
gGlu,[1*]N[C@@H](CCC([2*])=O)C(=O)O,H,OH,
